fold	target_ratio	system	source_prior	estimated_prior	iterations	boundary	before_n	before_positive	before_ACC	before_MCC	before_Brier	before_log_loss	before_AP	before_AUROC	before_TN	before_FP	before_FN	before_TP	after_n	after_positive	after_ACC	after_MCC	after_Brier	after_log_loss	after_AP	after_AUROC	after_TN	after_FP	after_FN	after_TP
0	0.3	ESMCHalo	0.5932804922280503	0.29375974250895015	13	False	500	150	0.914	0.8082939592889445	0.0604626742586922	0.19556632611850266	0.9632103453566755	0.9801523809523809	317	33	10	140	500	150	0.934	0.8420409404728022	0.047984940431397206	0.1657826834399423	0.9632103453566755	0.9801523809523809	335	15	18	132
0	0.3	DeepSaltPro	0.5932804921331336	0.30640657138196664	13	False	500	150	0.908	0.7952920729082836	0.07082253573995359	0.24594738427333	0.9433084919859609	0.9659809523809523	315	35	11	139	500	150	0.938	0.8526712277632862	0.05377886216877691	0.20027991154406086	0.9433084919859609	0.9659809523809523	334	16	15	135
0	0.5	ESMCHalo	0.5932804922280503	0.5082346332754211	11	False	500	250	0.916	0.8333076524034722	0.05892207309380578	0.19231778883757988	0.9820526807871012	0.980656	222	28	14	236	500	250	0.924	0.8482443295554358	0.05665540422136045	0.18647777677962615	0.9820526807871012	0.980656	228	22	16	234
0	0.5	DeepSaltPro	0.5932804921331336	0.5232156985848726	12	False	500	250	0.896	0.793244784499459	0.07306389565914906	0.24075228801154763	0.9715726935060726	0.969152	217	33	19	231	500	250	0.898	0.7965163099074654	0.07002582864923593	0.23181844589014383	0.9715726935060726	0.969152	220	30	21	229
0	0.7	ESMCHalo	0.5932804922280503	0.7073021843827464	11	False	500	350	0.928	0.8292593354492105	0.053353418125627806	0.1811948879784461	0.9855390971637985	0.9755809523809523	133	17	19	331	500	350	0.928	0.8269350411808646	0.0531687795452653	0.1794584256277557	0.9855390971637985	0.9755809523809523	129	21	15	335
0	0.7	DeepSaltPro	0.5932804921331336	0.7157636797913467	12	False	500	350	0.918	0.8059525243854014	0.05729043809814569	0.1908240255503363	0.9846027326449353	0.9721142857142857	131	19	22	328	500	350	0.916	0.7975021798654881	0.05763045935210311	0.19236147877997217	0.9846027326449353	0.9721142857142857	125	25	17	333
1	0.3	ESMCHalo	0.5932804923562103	0.30074756511268913	12	False	500	150	0.936	0.8544644453832965	0.05089951996905908	0.1769242847977165	0.9708852689605418	0.9829904761904762	326	24	8	142	500	150	0.948	0.8751247288953672	0.04040554474145194	0.1425416301308092	0.9708852689605418	0.9829904761904762	340	10	16	134
1	0.3	DeepSaltPro	0.5932804921331291	0.28999606598827005	14	False	500	150	0.914	0.8082939592889445	0.06108319068909988	0.20304569726577762	0.9618305626779362	0.9753333333333334	317	33	10	140	500	150	0.95	0.8796645730364624	0.04533988789231652	0.16972035929475401	0.9618305626779362	0.9753333333333334	343	7	18	132
1	0.5	ESMCHalo	0.5932804923562103	0.500844810589931	10	False	500	250	0.938	0.876343594046504	0.04831335015578825	0.17019481742512818	0.9844427366425157	0.983104	231	19	12	238	500	250	0.934	0.8680069440833291	0.04815580870889952	0.1668799135080803	0.9844427366425157	0.983104	233	17	16	234
1	0.5	DeepSaltPro	0.5932804921331291	0.4761633274650636	13	False	500	250	0.922	0.844006752081025	0.06028380952560179	0.20348237657101617	0.9777963949098416	0.9744320000000001	230	20	19	231	500	250	0.916	0.8329601234121696	0.06096182816121129	0.20792547941101464	0.9777963949098416	0.9744320000000001	235	15	27	223
1	0.7	ESMCHalo	0.5932804923562103	0.7082458654202147	12	False	500	350	0.952	0.8861878939468679	0.03679723212733661	0.1293035197872237	0.9949218838459719	0.9885523809523811	139	11	13	337	500	350	0.952	0.8849998860545177	0.03658938344439996	0.12780466332020377	0.9949218838459719	0.9885523809523811	136	14	10	340
1	0.7	DeepSaltPro	0.5932804921331291	0.702569604159231	13	False	500	350	0.924	0.8214200836360901	0.053107323476545745	0.18289576984152695	0.9899097879857925	0.9768571428571428	134	16	22	328	500	350	0.928	0.8269350411808646	0.05229793485890738	0.17763101640559364	0.9899097879857925	0.9768571428571428	129	21	15	335
2	0.3	ESMCHalo	0.5932103149148711	0.29514632603833063	12	False	500	150	0.924	0.8278938940867551	0.052670889052604586	0.17658498924137206	0.9699777935716939	0.9839809523809523	322	28	10	140	500	150	0.936	0.8466050970716753	0.043524315334322994	0.14606950885567424	0.9699777935716939	0.9839809523809523	336	14	18	132
2	0.3	DeepSaltPro	0.5932103146136257	0.23257500846627427	18	False	500	150	0.926	0.8331453097142203	0.05505321363029621	0.1811237769515653	0.9597531207717577	0.9801523809523809	322	28	9	141	500	150	0.898	0.7554161620503304	0.06325712458177063	0.20468232113295973	0.9597531207717577	0.9801523809523809	347	3	48	102
2	0.5	ESMCHalo	0.5932103149148711	0.49098812529798735	12	False	500	250	0.93	0.8603373183561569	0.05420210664101924	0.18582986720510336	0.9816751891354282	0.97976	229	21	14	236	500	250	0.94	0.8801126616314948	0.0532971608036539	0.18513911436253047	0.9816751891354282	0.97976	237	13	17	233
2	0.5	DeepSaltPro	0.5932103146136257	0.4237697888759853	15	False	500	250	0.89	0.7805059318188731	0.07849544064299764	0.25441454419145015	0.9651310845730867	0.9630399999999999	227	23	32	218	500	250	0.876	0.7582371313781802	0.08800385675407106	0.2890810120893883	0.9651310845730867	0.9630399999999999	235	15	47	203
2	0.7	ESMCHalo	0.5932103149148711	0.7103195016103512	12	False	500	350	0.928	0.8292593354492105	0.0468211339546815	0.15027325869433178	0.9938875390355546	0.9856571428571429	133	17	19	331	500	350	0.928	0.8274077025802541	0.04616770346245539	0.14957688018935528	0.9938875390355546	0.9856571428571429	130	20	16	334
2	0.7	DeepSaltPro	0.5932103146136257	0.6479587612670934	15	False	500	350	0.922	0.8226436718740061	0.061606463795685226	0.21105589496164157	0.991123802654521	0.9790857142857143	139	11	28	322	500	350	0.92	0.8161938270130722	0.057707796300219195	0.19693520416306615	0.991123802654521	0.9790857142857143	137	13	27	323
3	0.3	ESMCHalo	0.5932103146219403	0.2836922202703486	11	False	500	150	0.946	0.8743720059668845	0.040624309637982206	0.14474612073097592	0.9742631117184394	0.9869714285714286	332	18	9	141	500	150	0.956	0.8942864249947949	0.036878550245224774	0.13438126083283772	0.9742631117184394	0.9869714285714286	343	7	15	135
3	0.3	DeepSaltPro	0.5932103146425275	0.31823525110605566	11	False	500	150	0.916	0.8166959939435038	0.06393554928004098	0.21662302325132052	0.9652650222786138	0.9790285714285714	315	35	7	143	500	150	0.93	0.8343644817667903	0.049210475686364746	0.17333133861439673	0.9652650222786138	0.9790285714285714	331	19	16	134
3	0.5	ESMCHalo	0.5932103146219403	0.4920316915495995	10	False	500	250	0.948	0.8961147100247947	0.034996843037978634	0.11876277827251722	0.9928595783975962	0.992464	235	15	11	239	500	250	0.954	0.9081816544981663	0.03472394226988398	0.11874534954148865	0.9928595783975962	0.992464	241	9	14	236
3	0.5	DeepSaltPro	0.5932103146425275	0.516634691694222	9	False	500	250	0.938	0.8768492012393229	0.04738052759588541	0.16141405898158948	0.9887030434545333	0.9866079999999999	229	21	10	240	500	250	0.94	0.8802535495386599	0.04503337882443823	0.15466329652803734	0.9887030434545333	0.9866079999999999	232	18	12	238
3	0.7	ESMCHalo	0.5932103146219403	0.6852670528978055	11	False	500	350	0.938	0.8585541854502227	0.04160102443094595	0.13916320667792578	0.995111617350428	0.9887999999999999	142	8	23	327	500	350	0.942	0.8641894851015918	0.038649941704395306	0.12986268896303324	0.995111617350428	0.9887999999999999	139	11	18	332
3	0.7	DeepSaltPro	0.5932103146425275	0.6952552077706404	10	False	500	350	0.924	0.8243786964470823	0.05243574654335932	0.1840548836275047	0.9908846552181794	0.9790857142857142	137	13	25	325	500	350	0.938	0.8526712277632862	0.05047897124746238	0.17872966350656538	0.9908846552181794	0.9790857142857142	135	15	16	334
4	0.3	ESMCHalo	0.5933286018298609	0.30175870035172947	12	False	500	150	0.928	0.8383981557812196	0.049575438087853134	0.1712356693275683	0.9649597697593031	0.9851047619047618	322	28	8	142	500	150	0.952	0.8857142857142857	0.03942861472140722	0.13943815543986784	0.9649597697593031	0.9851047619047618	338	12	12	138
4	0.3	DeepSaltPro	0.5933286018452871	0.3191211633840967	14	False	500	150	0.91	0.8055255933870291	0.06730530350088228	0.23441810011070335	0.9595402127473674	0.9781333333333333	312	38	7	143	500	150	0.93	0.8330247480375254	0.049407692953514215	0.17063575054813102	0.9595402127473674	0.9781333333333333	333	17	18	132
4	0.5	ESMCHalo	0.5933286018298609	0.49501134221981363	10	False	500	250	0.952	0.9041157342214446	0.03915064389500928	0.14605642538918773	0.9854843134800086	0.985312	236	14	10	240	500	250	0.952	0.9041157342214446	0.0387115152564907	0.14482264674633652	0.9854843134800086	0.985312	240	10	14	236
4	0.5	DeepSaltPro	0.5933286018452871	0.5352548527113361	13	False	500	250	0.926	0.8531542453377217	0.05704736469696876	0.1987157639319562	0.9827194485235955	0.9818880000000001	225	25	12	238	500	250	0.936	0.8722512445428539	0.05437800562312549	0.1884233513848152	0.9827194485235955	0.9818880000000001	231	19	13	237
4	0.7	ESMCHalo	0.5933286018298609	0.7120562275541997	11	False	500	350	0.952	0.8857142857142857	0.03652386180160871	0.13229975782011222	0.9906512493308361	0.9841333333333333	138	12	12	338	500	350	0.956	0.8942864249947949	0.036789609145705865	0.13351448464476612	0.9906512493308361	0.9841333333333333	135	15	7	343
4	0.7	DeepSaltPro	0.5933286018452871	0.7474689990888939	16	False	500	350	0.92	0.808832374759944	0.05607493905959168	0.18729377724633622	0.9887854533042864	0.9750285714285714	129	21	19	331	500	350	0.918	0.8009844555557657	0.06010446227889126	0.20507293378719227	0.9887854533042864	0.9750285714285714	119	31	10	340
