clean_id	label
HPCLAS_TRAIN_N_000008	0
HPCLAS_TRAIN_N_000011	0
HPCLAS_TRAIN_N_000029	0
HPCLAS_TRAIN_N_000050	0
HPCLAS_TRAIN_N_000057	0
HPCLAS_TRAIN_N_000064	0
HPCLAS_TRAIN_N_000068	0
HPCLAS_TRAIN_N_000074	0
HPCLAS_TRAIN_N_000077	0
HPCLAS_TRAIN_N_000081	0
HPCLAS_TRAIN_N_000087	0
HPCLAS_TRAIN_N_000089	0
HPCLAS_TRAIN_N_000091	0
HPCLAS_TRAIN_N_000092	0
HPCLAS_TRAIN_N_000100	0
HPCLAS_TRAIN_N_000104	0
HPCLAS_TRAIN_N_000106	0
HPCLAS_TRAIN_N_000108	0
HPCLAS_TRAIN_N_000120	0
HPCLAS_TRAIN_N_000121	0
HPCLAS_TRAIN_N_000122	0
HPCLAS_TRAIN_N_000127	0
HPCLAS_TRAIN_N_000137	0
HPCLAS_TRAIN_N_000146	0
HPCLAS_TRAIN_N_000149	0
HPCLAS_TRAIN_N_000155	0
HPCLAS_TRAIN_N_000170	0
HPCLAS_TRAIN_N_000181	0
HPCLAS_TRAIN_N_000191	0
HPCLAS_TRAIN_N_000204	0
HPCLAS_TRAIN_N_000209	0
HPCLAS_TRAIN_N_000211	0
HPCLAS_TRAIN_N_000214	0
HPCLAS_TRAIN_N_000216	0
HPCLAS_TRAIN_N_000221	0
HPCLAS_TRAIN_N_000230	0
HPCLAS_TRAIN_N_000231	0
HPCLAS_TRAIN_N_000243	0
HPCLAS_TRAIN_N_000246	0
HPCLAS_TRAIN_N_000255	0
HPCLAS_TRAIN_N_000259	0
HPCLAS_TRAIN_N_000272	0
HPCLAS_TRAIN_N_000284	0
HPCLAS_TRAIN_N_000285	0
HPCLAS_TRAIN_N_000293	0
HPCLAS_TRAIN_N_000305	0
HPCLAS_TRAIN_N_000313	0
HPCLAS_TRAIN_N_000315	0
HPCLAS_TRAIN_N_000333	0
HPCLAS_TRAIN_N_000339	0
HPCLAS_TRAIN_N_000343	0
HPCLAS_TRAIN_N_000344	0
HPCLAS_TRAIN_N_000348	0
HPCLAS_TRAIN_N_000350	0
HPCLAS_TRAIN_N_000356	0
HPCLAS_TRAIN_N_000361	0
HPCLAS_TRAIN_N_000370	0
HPCLAS_TRAIN_N_000371	0
HPCLAS_TRAIN_N_000373	0
HPCLAS_TRAIN_N_000383	0
HPCLAS_TRAIN_N_000385	0
HPCLAS_TRAIN_N_000387	0
HPCLAS_TRAIN_N_000398	0
HPCLAS_TRAIN_N_000413	0
HPCLAS_TRAIN_N_000419	0
HPCLAS_TRAIN_N_000424	0
HPCLAS_TRAIN_N_000427	0
HPCLAS_TRAIN_N_000429	0
HPCLAS_TRAIN_N_000442	0
HPCLAS_TRAIN_N_000462	0
HPCLAS_TRAIN_N_000468	0
HPCLAS_TRAIN_N_000472	0
HPCLAS_TRAIN_N_000491	0
HPCLAS_TRAIN_N_000502	0
HPCLAS_TRAIN_N_000506	0
HPCLAS_TRAIN_N_000520	0
HPCLAS_TRAIN_N_000527	0
HPCLAS_TRAIN_N_000529	0
HPCLAS_TRAIN_N_000533	0
HPCLAS_TRAIN_N_000534	0
HPCLAS_TRAIN_N_000543	0
HPCLAS_TRAIN_N_000557	0
HPCLAS_TRAIN_N_000584	0
HPCLAS_TRAIN_N_000588	0
HPCLAS_TRAIN_N_000590	0
HPCLAS_TRAIN_N_000597	0
HPCLAS_TRAIN_N_000622	0
HPCLAS_TRAIN_N_000629	0
HPCLAS_TRAIN_N_000637	0
HPCLAS_TRAIN_N_000639	0
HPCLAS_TRAIN_N_000640	0
HPCLAS_TRAIN_N_000641	0
HPCLAS_TRAIN_N_000643	0
HPCLAS_TRAIN_N_000646	0
HPCLAS_TRAIN_N_000659	0
HPCLAS_TRAIN_N_000668	0
HPCLAS_TRAIN_N_000686	0
HPCLAS_TRAIN_N_000687	0
HPCLAS_TRAIN_N_000689	0
HPCLAS_TRAIN_N_000694	0
HPCLAS_TRAIN_N_000695	0
HPCLAS_TRAIN_N_000696	0
HPCLAS_TRAIN_N_000711	0
HPCLAS_TRAIN_N_000731	0
HPCLAS_TRAIN_N_000740	0
HPCLAS_TRAIN_N_000742	0
HPCLAS_TRAIN_N_000747	0
HPCLAS_TRAIN_N_000751	0
HPCLAS_TRAIN_N_000765	0
HPCLAS_TRAIN_N_000778	0
HPCLAS_TRAIN_N_000782	0
HPCLAS_TRAIN_N_000791	0
HPCLAS_TRAIN_N_000792	0
HPCLAS_TRAIN_N_000797	0
HPCLAS_TRAIN_N_000803	0
HPCLAS_TRAIN_N_000806	0
HPCLAS_TRAIN_N_000808	0
HPCLAS_TRAIN_N_000830	0
HPCLAS_TRAIN_N_000832	0
HPCLAS_TRAIN_N_000841	0
HPCLAS_TRAIN_N_000845	0
HPCLAS_TRAIN_N_000847	0
HPCLAS_TRAIN_N_000854	0
HPCLAS_TRAIN_N_000862	0
HPCLAS_TRAIN_N_000866	0
HPCLAS_TRAIN_N_000868	0
HPCLAS_TRAIN_N_000870	0
HPCLAS_TRAIN_N_000880	0
HPCLAS_TRAIN_N_000881	0
HPCLAS_TRAIN_N_000900	0
HPCLAS_TRAIN_N_000903	0
HPCLAS_TRAIN_N_000907	0
HPCLAS_TRAIN_N_000927	0
HPCLAS_TRAIN_N_000928	0
HPCLAS_TRAIN_N_000932	0
HPCLAS_TRAIN_N_000939	0
HPCLAS_TRAIN_N_000944	0
HPCLAS_TRAIN_N_000949	0
HPCLAS_TRAIN_N_000955	0
HPCLAS_TRAIN_N_000959	0
HPCLAS_TRAIN_N_000968	0
HPCLAS_TRAIN_N_000973	0
HPCLAS_TRAIN_N_000974	0
HPCLAS_TRAIN_N_000983	0
HPCLAS_TRAIN_N_000984	0
HPCLAS_TRAIN_N_000990	0
HPCLAS_TRAIN_N_000993	0
HPCLAS_TRAIN_N_000997	0
HPCLAS_TRAIN_N_001005	0
HPCLAS_TRAIN_N_001021	0
HPCLAS_TRAIN_N_001034	0
HPCLAS_TRAIN_N_001035	0
HPCLAS_TRAIN_N_001047	0
HPCLAS_TRAIN_N_001055	0
HPCLAS_TRAIN_N_001061	0
HPCLAS_TRAIN_N_001070	0
HPCLAS_TRAIN_N_001071	0
HPCLAS_TRAIN_N_001074	0
HPCLAS_TRAIN_N_001082	0
HPCLAS_TRAIN_N_001089	0
HPCLAS_TRAIN_N_001099	0
HPCLAS_TRAIN_N_001100	0
HPCLAS_TRAIN_N_001104	0
HPCLAS_TRAIN_N_001125	0
HPCLAS_TRAIN_N_001127	0
HPCLAS_TRAIN_N_001151	0
HPCLAS_TRAIN_N_001154	0
HPCLAS_TRAIN_N_001161	0
HPCLAS_TRAIN_N_001165	0
HPCLAS_TRAIN_N_001167	0
HPCLAS_TRAIN_N_001170	0
HPCLAS_TRAIN_N_001172	0
HPCLAS_TRAIN_N_001186	0
HPCLAS_TRAIN_N_001193	0
HPCLAS_TRAIN_N_001199	0
HPCLAS_TRAIN_N_001216	0
HPCLAS_TRAIN_N_001222	0
HPCLAS_TRAIN_N_001226	0
HPCLAS_TRAIN_N_001231	0
HPCLAS_TRAIN_N_001252	0
HPCLAS_TRAIN_N_001255	0
HPCLAS_TRAIN_N_001256	0
HPCLAS_TRAIN_N_001257	0
HPCLAS_TRAIN_N_001261	0
HPCLAS_TRAIN_N_001264	0
HPCLAS_TRAIN_N_001269	0
HPCLAS_TRAIN_N_001289	0
HPCLAS_TRAIN_N_001293	0
HPCLAS_TRAIN_N_001297	0
HPCLAS_TRAIN_N_001300	0
HPCLAS_TRAIN_N_001305	0
HPCLAS_TRAIN_N_001314	0
HPCLAS_TRAIN_N_001318	0
HPCLAS_TRAIN_N_001328	0
HPCLAS_TRAIN_N_001344	0
HPCLAS_TRAIN_N_001348	0
HPCLAS_TRAIN_N_001350	0
HPCLAS_TRAIN_N_001351	0
HPCLAS_TRAIN_N_001352	0
HPCLAS_TRAIN_N_001353	0
HPCLAS_TRAIN_N_001374	0
HPCLAS_TRAIN_N_001379	0
HPCLAS_TRAIN_N_001384	0
HPCLAS_TRAIN_N_001390	0
HPCLAS_TRAIN_N_001396	0
HPCLAS_TRAIN_N_001406	0
HPCLAS_TRAIN_N_001409	0
HPCLAS_TRAIN_N_001420	0
HPCLAS_TRAIN_N_001423	0
HPCLAS_TRAIN_N_001432	0
HPCLAS_TRAIN_N_001434	0
HPCLAS_TRAIN_N_001444	0
HPCLAS_TRAIN_N_001453	0
HPCLAS_TRAIN_N_001458	0
HPCLAS_TRAIN_N_001459	0
HPCLAS_TRAIN_N_001463	0
HPCLAS_TRAIN_N_001464	0
HPCLAS_TRAIN_N_001473	0
HPCLAS_TRAIN_N_001479	0
HPCLAS_TRAIN_N_001483	0
HPCLAS_TRAIN_N_001485	0
HPCLAS_TRAIN_N_001486	0
HPCLAS_TRAIN_N_001499	0
HPCLAS_TRAIN_N_001519	0
HPCLAS_TRAIN_N_001526	0
HPCLAS_TRAIN_N_001543	0
HPCLAS_TRAIN_N_001546	0
HPCLAS_TRAIN_N_001548	0
HPCLAS_TRAIN_N_001553	0
HPCLAS_TRAIN_N_001554	0
HPCLAS_TRAIN_N_001555	0
HPCLAS_TRAIN_N_001558	0
HPCLAS_TRAIN_N_001560	0
HPCLAS_TRAIN_N_001568	0
HPCLAS_TRAIN_N_001580	0
HPCLAS_TRAIN_N_001582	0
HPCLAS_TRAIN_N_001586	0
HPCLAS_TRAIN_N_001601	0
HPCLAS_TRAIN_N_001613	0
HPCLAS_TRAIN_N_001616	0
HPCLAS_TRAIN_N_001619	0
HPCLAS_TRAIN_N_001620	0
HPCLAS_TRAIN_N_001635	0
HPCLAS_TRAIN_N_001642	0
HPCLAS_TRAIN_N_001647	0
HPCLAS_TRAIN_N_001653	0
HPCLAS_TRAIN_N_001654	0
HPCLAS_TRAIN_N_001661	0
HPCLAS_TRAIN_N_001663	0
HPCLAS_TRAIN_N_001668	0
HPCLAS_TRAIN_N_001669	0
HPCLAS_TRAIN_N_001679	0
HPCLAS_TRAIN_N_001683	0
HPCLAS_TRAIN_N_001688	0
HPCLAS_TRAIN_N_001696	0
HPCLAS_TRAIN_N_001708	0
HPCLAS_TRAIN_N_001714	0
HPCLAS_TRAIN_N_001722	0
HPCLAS_TRAIN_N_001728	0
HPCLAS_TRAIN_N_001747	0
HPCLAS_TRAIN_N_001749	0
HPCLAS_TRAIN_N_001762	0
HPCLAS_TRAIN_N_001777	0
HPCLAS_TRAIN_N_001784	0
HPCLAS_TRAIN_N_001790	0
HPCLAS_TRAIN_N_001794	0
HPCLAS_TRAIN_N_001803	0
HPCLAS_TRAIN_N_001813	0
HPCLAS_TRAIN_N_001816	0
HPCLAS_TRAIN_N_001822	0
HPCLAS_TRAIN_N_001824	0
HPCLAS_TRAIN_N_001833	0
HPCLAS_TRAIN_N_001840	0
HPCLAS_TRAIN_N_001852	0
HPCLAS_TRAIN_N_001857	0
HPCLAS_TRAIN_N_001863	0
HPCLAS_TRAIN_N_001865	0
HPCLAS_TRAIN_N_001866	0
HPCLAS_TRAIN_N_001867	0
HPCLAS_TRAIN_N_001869	0
HPCLAS_TRAIN_N_001871	0
HPCLAS_TRAIN_N_001873	0
HPCLAS_TRAIN_N_001875	0
HPCLAS_TRAIN_N_001903	0
HPCLAS_TRAIN_N_001909	0
HPCLAS_TRAIN_N_001915	0
HPCLAS_TRAIN_N_001929	0
HPCLAS_TRAIN_N_001938	0
HPCLAS_TRAIN_N_001951	0
HPCLAS_TRAIN_N_001956	0
HPCLAS_TRAIN_N_001959	0
HPCLAS_TRAIN_N_001966	0
HPCLAS_TRAIN_N_001974	0
HPCLAS_TRAIN_N_001981	0
HPCLAS_TRAIN_N_001986	0
HPCLAS_TRAIN_N_001998	0
HPCLAS_TRAIN_N_002007	0
HPCLAS_TRAIN_N_002011	0
HPCLAS_TRAIN_N_002012	0
HPCLAS_TRAIN_N_002015	0
HPCLAS_TRAIN_N_002016	0
HPCLAS_TRAIN_N_002021	0
HPCLAS_TRAIN_N_002028	0
HPCLAS_TRAIN_N_002033	0
HPCLAS_TRAIN_N_002036	0
HPCLAS_TRAIN_N_002039	0
HPCLAS_TRAIN_N_002041	0
HPCLAS_TRAIN_N_002045	0
HPCLAS_TRAIN_N_002050	0
HPCLAS_TRAIN_N_002058	0
HPCLAS_TRAIN_N_002063	0
HPCLAS_TRAIN_N_002064	0
HPCLAS_TRAIN_N_002065	0
HPCLAS_TRAIN_N_002066	0
HPCLAS_TRAIN_N_002074	0
HPCLAS_TRAIN_N_002093	0
HPCLAS_TRAIN_N_002105	0
HPCLAS_TRAIN_N_002110	0
HPCLAS_TRAIN_N_002111	0
HPCLAS_TRAIN_N_002137	0
HPCLAS_TRAIN_N_002145	0
HPCLAS_TRAIN_N_002146	0
HPCLAS_TRAIN_N_002161	0
HPCLAS_TRAIN_N_002166	0
HPCLAS_TRAIN_N_002172	0
HPCLAS_TRAIN_N_002179	0
HPCLAS_TRAIN_N_002185	0
HPCLAS_TRAIN_N_002195	0
HPCLAS_TRAIN_N_002197	0
HPCLAS_TRAIN_N_002198	0
HPCLAS_TRAIN_N_002205	0
HPCLAS_TRAIN_N_002206	0
HPCLAS_TRAIN_N_002214	0
HPCLAS_TRAIN_N_002219	0
HPCLAS_TRAIN_N_002223	0
HPCLAS_TRAIN_N_002229	0
HPCLAS_TRAIN_N_002235	0
HPCLAS_TRAIN_N_002254	0
HPCLAS_TRAIN_N_002275	0
HPCLAS_TRAIN_N_002310	0
HPCLAS_TRAIN_N_002319	0
HPCLAS_TRAIN_N_002321	0
HPCLAS_TRAIN_N_002333	0
HPCLAS_TRAIN_N_002359	0
HPCLAS_TRAIN_N_002369	0
HPCLAS_TRAIN_N_002373	0
HPCLAS_TRAIN_N_002374	0
HPCLAS_TRAIN_N_002375	0
HPCLAS_TRAIN_N_002377	0
HPCLAS_TRAIN_N_002379	0
HPCLAS_TRAIN_N_002386	0
HPCLAS_TRAIN_N_002390	0
HPCLAS_TRAIN_N_002403	0
HPCLAS_TRAIN_N_002420	0
HPCLAS_TRAIN_N_002424	0
HPCLAS_TRAIN_N_002428	0
HPCLAS_TRAIN_N_002429	0
HPCLAS_TRAIN_N_002431	0
HPCLAS_TRAIN_N_002440	0
HPCLAS_TRAIN_N_002441	0
HPCLAS_TRAIN_N_002451	0
HPCLAS_TRAIN_N_002462	0
HPCLAS_TRAIN_N_002469	0
HPCLAS_TRAIN_N_002470	0
HPCLAS_TRAIN_N_002471	0
HPCLAS_TRAIN_N_002476	0
HPCLAS_TRAIN_N_002479	0
HPCLAS_TRAIN_N_002480	0
HPCLAS_TRAIN_N_002483	0
HPCLAS_TRAIN_N_002498	0
HPCLAS_TRAIN_N_002500	0
HPCLAS_TRAIN_N_002508	0
HPCLAS_TRAIN_N_002517	0
HPCLAS_TRAIN_N_002519	0
HPCLAS_TRAIN_N_002528	0
HPCLAS_TRAIN_N_002529	0
HPCLAS_TRAIN_N_002532	0
HPCLAS_TRAIN_N_002542	0
HPCLAS_TRAIN_N_002551	0
HPCLAS_TRAIN_N_002576	0
HPCLAS_TRAIN_N_002579	0
HPCLAS_TRAIN_N_002588	0
HPCLAS_TRAIN_N_002595	0
HPCLAS_TRAIN_N_002597	0
HPCLAS_TRAIN_N_002601	0
HPCLAS_TRAIN_N_002614	0
HPCLAS_TRAIN_N_002624	0
HPCLAS_TRAIN_N_002631	0
HPCLAS_TRAIN_N_002640	0
HPCLAS_TRAIN_N_002647	0
HPCLAS_TRAIN_N_002655	0
HPCLAS_TRAIN_N_002670	0
HPCLAS_TRAIN_N_002681	0
HPCLAS_TRAIN_N_002685	0
HPCLAS_TRAIN_N_002695	0
HPCLAS_TRAIN_N_002697	0
HPCLAS_TRAIN_N_002704	0
HPCLAS_TRAIN_N_002711	0
HPCLAS_TRAIN_N_002714	0
HPCLAS_TRAIN_N_002719	0
HPCLAS_TRAIN_N_002721	0
HPCLAS_TRAIN_N_002722	0
HPCLAS_TRAIN_N_002724	0
HPCLAS_TRAIN_N_002726	0
HPCLAS_TRAIN_N_002735	0
HPCLAS_TRAIN_N_002737	0
HPCLAS_TRAIN_N_002743	0
HPCLAS_TRAIN_N_002748	0
HPCLAS_TRAIN_N_002749	0
HPCLAS_TRAIN_N_002754	0
HPCLAS_TRAIN_N_002758	0
HPCLAS_TRAIN_N_002768	0
HPCLAS_TRAIN_N_002769	0
HPCLAS_TRAIN_N_002770	0
HPCLAS_TRAIN_N_002771	0
HPCLAS_TRAIN_N_002784	0
HPCLAS_TRAIN_N_002815	0
HPCLAS_TRAIN_N_002833	0
HPCLAS_TRAIN_N_002839	0
HPCLAS_TRAIN_N_002844	0
HPCLAS_TRAIN_N_002845	0
HPCLAS_TRAIN_N_002849	0
HPCLAS_TRAIN_N_002858	0
HPCLAS_TRAIN_N_002859	0
HPCLAS_TRAIN_N_002863	0
HPCLAS_TRAIN_N_002869	0
HPCLAS_TRAIN_N_002872	0
HPCLAS_TRAIN_N_002877	0
HPCLAS_TRAIN_N_002909	0
HPCLAS_TRAIN_N_002915	0
HPCLAS_TRAIN_N_002922	0
HPCLAS_TRAIN_N_002927	0
HPCLAS_TRAIN_N_002934	0
HPCLAS_TRAIN_N_002939	0
HPCLAS_TRAIN_N_002940	0
HPCLAS_TRAIN_N_002947	0
HPCLAS_TRAIN_N_002948	0
HPCLAS_TRAIN_N_002963	0
HPCLAS_TRAIN_N_002970	0
HPCLAS_TRAIN_N_002978	0
HPCLAS_TRAIN_N_002981	0
HPCLAS_TRAIN_N_002995	0
HPCLAS_TRAIN_N_003001	0
HPCLAS_TRAIN_N_003003	0
HPCLAS_TRAIN_N_003008	0
HPCLAS_TRAIN_N_003018	0
HPCLAS_TRAIN_N_003025	0
HPCLAS_TRAIN_N_003034	0
HPCLAS_TRAIN_N_003043	0
HPCLAS_TRAIN_N_003057	0
HPCLAS_TRAIN_N_003058	0
HPCLAS_TRAIN_N_003059	0
HPCLAS_TRAIN_N_003070	0
HPCLAS_TRAIN_N_003077	0
HPCLAS_TRAIN_N_003088	0
HPCLAS_TRAIN_N_003093	0
HPCLAS_TRAIN_N_003096	0
HPCLAS_TRAIN_N_003097	0
HPCLAS_TRAIN_N_003102	0
HPCLAS_TRAIN_N_003109	0
HPCLAS_TRAIN_N_003112	0
HPCLAS_TRAIN_N_003115	0
HPCLAS_TRAIN_N_003117	0
HPCLAS_TRAIN_N_003128	0
HPCLAS_TRAIN_N_003130	0
HPCLAS_TRAIN_N_003137	0
HPCLAS_TRAIN_N_003142	0
HPCLAS_TRAIN_N_003143	0
HPCLAS_TRAIN_N_003144	0
HPCLAS_TRAIN_N_003150	0
HPCLAS_TRAIN_N_003157	0
HPCLAS_TRAIN_N_003186	0
HPCLAS_TRAIN_N_003193	0
HPCLAS_TRAIN_N_003195	0
HPCLAS_TRAIN_N_003206	0
HPCLAS_TRAIN_N_003211	0
HPCLAS_TRAIN_N_003213	0
HPCLAS_TRAIN_N_003214	0
HPCLAS_TRAIN_N_003220	0
HPCLAS_TRAIN_N_003229	0
HPCLAS_TRAIN_N_003232	0
HPCLAS_TRAIN_N_003256	0
HPCLAS_TRAIN_N_003271	0
HPCLAS_TRAIN_N_003272	0
HPCLAS_TRAIN_N_003278	0
HPCLAS_TRAIN_N_003282	0
HPCLAS_TRAIN_N_003290	0
HPCLAS_TRAIN_N_003294	0
HPCLAS_TRAIN_N_003303	0
HPCLAS_TRAIN_N_003305	0
HPCLAS_TRAIN_N_003308	0
HPCLAS_TRAIN_N_003319	0
HPCLAS_TRAIN_N_003323	0
HPCLAS_TRAIN_N_003334	0
HPCLAS_TRAIN_N_003349	0
HPCLAS_TRAIN_N_003351	0
HPCLAS_TRAIN_N_003356	0
HPCLAS_TRAIN_N_003374	0
HPCLAS_TRAIN_N_003386	0
HPCLAS_TRAIN_N_003388	0
HPCLAS_TRAIN_N_003391	0
HPCLAS_TRAIN_N_003392	0
HPCLAS_TRAIN_N_003394	0
HPCLAS_TRAIN_N_003406	0
HPCLAS_TRAIN_N_003415	0
HPCLAS_TRAIN_N_003419	0
HPCLAS_TRAIN_N_003430	0
HPCLAS_TRAIN_N_003446	0
HPCLAS_TRAIN_N_003448	0
HPCLAS_TRAIN_N_003451	0
HPCLAS_TRAIN_N_003464	0
HPCLAS_TRAIN_N_003480	0
HPCLAS_TRAIN_N_003491	0
HPCLAS_TRAIN_N_003497	0
HPCLAS_TRAIN_N_003498	0
HPCLAS_TRAIN_N_003503	0
HPCLAS_TRAIN_N_003521	0
HPCLAS_TRAIN_N_003525	0
HPCLAS_TRAIN_N_003532	0
HPCLAS_TRAIN_N_003557	0
HPCLAS_TRAIN_N_003560	0
HPCLAS_TRAIN_N_003563	0
HPCLAS_TRAIN_N_003573	0
HPCLAS_TRAIN_N_003577	0
HPCLAS_TRAIN_N_003584	0
HPCLAS_TRAIN_N_003597	0
HPCLAS_TRAIN_N_003598	0
HPCLAS_TRAIN_N_003602	0
HPCLAS_TRAIN_N_003605	0
HPCLAS_TRAIN_N_003608	0
HPCLAS_TRAIN_N_003612	0
HPCLAS_TRAIN_N_003621	0
HPCLAS_TRAIN_N_003623	0
HPCLAS_TRAIN_N_003624	0
HPCLAS_TRAIN_N_003626	0
HPCLAS_TRAIN_N_003638	0
HPCLAS_TRAIN_N_003643	0
HPCLAS_TRAIN_N_003644	0
HPCLAS_TRAIN_N_003655	0
HPCLAS_TRAIN_N_003656	0
HPCLAS_TRAIN_N_003661	0
HPCLAS_TRAIN_N_003672	0
HPCLAS_TRAIN_N_003678	0
HPCLAS_TRAIN_N_003692	0
HPCLAS_TRAIN_N_003699	0
HPCLAS_TRAIN_N_003700	0
HPCLAS_TRAIN_N_003707	0
HPCLAS_TRAIN_N_003714	0
HPCLAS_TRAIN_N_003718	0
HPCLAS_TRAIN_N_003719	0
HPCLAS_TRAIN_N_003727	0
HPCLAS_TRAIN_N_003729	0
HPCLAS_TRAIN_N_003731	0
HPCLAS_TRAIN_N_003742	0
HPCLAS_TRAIN_N_003754	0
HPCLAS_TRAIN_N_003758	0
HPCLAS_TRAIN_N_003765	0
HPCLAS_TRAIN_N_003772	0
HPCLAS_TRAIN_N_003796	0
HPCLAS_TRAIN_N_003802	0
HPCLAS_TRAIN_N_003804	0
HPCLAS_TRAIN_N_003814	0
HPCLAS_TRAIN_N_003815	0
HPCLAS_TRAIN_N_003817	0
HPCLAS_TRAIN_N_003827	0
HPCLAS_TRAIN_N_003832	0
HPCLAS_TRAIN_N_003836	0
HPCLAS_TRAIN_N_003842	0
HPCLAS_TRAIN_N_003846	0
HPCLAS_TRAIN_N_003849	0
HPCLAS_TRAIN_N_003855	0
HPCLAS_TRAIN_N_003859	0
HPCLAS_TRAIN_N_003870	0
HPCLAS_TRAIN_N_003884	0
HPCLAS_TRAIN_N_003897	0
HPCLAS_TRAIN_N_003922	0
HPCLAS_TRAIN_N_003929	0
HPCLAS_TRAIN_N_003932	0
HPCLAS_TRAIN_N_003943	0
HPCLAS_TRAIN_N_003950	0
HPCLAS_TRAIN_N_003953	0
HPCLAS_TRAIN_N_003956	0
HPCLAS_TRAIN_N_003964	0
HPCLAS_TRAIN_N_003975	0
HPCLAS_TRAIN_N_003995	0
HPCLAS_TRAIN_N_004001	0
HPCLAS_TRAIN_N_004008	0
HPCLAS_TRAIN_N_004013	0
HPCLAS_TRAIN_N_004015	0
HPCLAS_TRAIN_N_004025	0
HPCLAS_TRAIN_N_004030	0
HPCLAS_TRAIN_N_004033	0
HPCLAS_TRAIN_N_004042	0
HPCLAS_TRAIN_N_004053	0
HPCLAS_TRAIN_N_004067	0
HPCLAS_TRAIN_N_004077	0
HPCLAS_TRAIN_N_004079	0
HPCLAS_TRAIN_N_004082	0
HPCLAS_TRAIN_N_004085	0
HPCLAS_TRAIN_N_004088	0
HPCLAS_TRAIN_N_004096	0
HPCLAS_TRAIN_N_004098	0
HPCLAS_TRAIN_N_004105	0
HPCLAS_TRAIN_N_004107	0
HPCLAS_TRAIN_N_004112	0
HPCLAS_TRAIN_N_004118	0
HPCLAS_TRAIN_N_004119	0
HPCLAS_TRAIN_N_004120	0
HPCLAS_TRAIN_N_004128	0
HPCLAS_TRAIN_N_004134	0
HPCLAS_TRAIN_N_004139	0
HPCLAS_TRAIN_N_004155	0
HPCLAS_TRAIN_N_004157	0
HPCLAS_TRAIN_N_004178	0
HPCLAS_TRAIN_N_004186	0
HPCLAS_TRAIN_N_004190	0
HPCLAS_TRAIN_N_004192	0
HPCLAS_TRAIN_N_004220	0
HPCLAS_TRAIN_N_004225	0
HPCLAS_TRAIN_N_004235	0
HPCLAS_TRAIN_N_004239	0
HPCLAS_TRAIN_N_004245	0
HPCLAS_TRAIN_N_004246	0
HPCLAS_TRAIN_N_004253	0
HPCLAS_TRAIN_N_004264	0
HPCLAS_TRAIN_N_004265	0
HPCLAS_TRAIN_N_004267	0
HPCLAS_TRAIN_N_004275	0
HPCLAS_TRAIN_N_004276	0
HPCLAS_TRAIN_N_004277	0
HPCLAS_TRAIN_N_004288	0
HPCLAS_TRAIN_N_004290	0
HPCLAS_TRAIN_N_004293	0
HPCLAS_TRAIN_N_004294	0
HPCLAS_TRAIN_N_004296	0
HPCLAS_TRAIN_N_004309	0
HPCLAS_TRAIN_N_004312	0
HPCLAS_TRAIN_N_004314	0
HPCLAS_TRAIN_N_004323	0
HPCLAS_TRAIN_N_004324	0
HPCLAS_TRAIN_N_004330	0
HPCLAS_TRAIN_N_004337	0
HPCLAS_TRAIN_N_004348	0
HPCLAS_TRAIN_N_004363	0
HPCLAS_TRAIN_N_004375	0
HPCLAS_TRAIN_N_004376	0
HPCLAS_TRAIN_N_004378	0
HPCLAS_TRAIN_N_004380	0
HPCLAS_TRAIN_N_004390	0
HPCLAS_TRAIN_N_004392	0
HPCLAS_TRAIN_N_004397	0
HPCLAS_TRAIN_N_004402	0
HPCLAS_TRAIN_N_004407	0
HPCLAS_TRAIN_N_004411	0
HPCLAS_TRAIN_N_004418	0
HPCLAS_TRAIN_N_004433	0
HPCLAS_TRAIN_N_004435	0
HPCLAS_TRAIN_N_004440	0
HPCLAS_TRAIN_N_004442	0
HPCLAS_TRAIN_N_004468	0
HPCLAS_TRAIN_N_004486	0
HPCLAS_TRAIN_N_004488	0
HPCLAS_TRAIN_N_004492	0
HPCLAS_TRAIN_N_004494	0
HPCLAS_TRAIN_N_004495	0
HPCLAS_TRAIN_N_004520	0
HPCLAS_TRAIN_N_004528	0
HPCLAS_TRAIN_N_004535	0
HPCLAS_TRAIN_N_004548	0
HPCLAS_TRAIN_N_004549	0
HPCLAS_TRAIN_N_004556	0
HPCLAS_TRAIN_N_004559	0
HPCLAS_TRAIN_N_004561	0
HPCLAS_TRAIN_N_004583	0
HPCLAS_TRAIN_N_004588	0
HPCLAS_TRAIN_N_004593	0
HPCLAS_TRAIN_N_004597	0
HPCLAS_TRAIN_N_004601	0
HPCLAS_TRAIN_N_004606	0
HPCLAS_TRAIN_N_004613	0
HPCLAS_TRAIN_N_004616	0
HPCLAS_TRAIN_N_004618	0
HPCLAS_TRAIN_N_004620	0
HPCLAS_TRAIN_N_004632	0
HPCLAS_TRAIN_N_004644	0
HPCLAS_TRAIN_N_004652	0
HPCLAS_TRAIN_N_004654	0
HPCLAS_TRAIN_N_004673	0
HPCLAS_TRAIN_N_004685	0
HPCLAS_TRAIN_N_004689	0
HPCLAS_TRAIN_N_004691	0
HPCLAS_TRAIN_N_004700	0
HPCLAS_TRAIN_N_004702	0
HPCLAS_TRAIN_N_004715	0
HPCLAS_TRAIN_N_004717	0
HPCLAS_TRAIN_N_004720	0
HPCLAS_TRAIN_N_004724	0
HPCLAS_TRAIN_N_004727	0
HPCLAS_TRAIN_N_004729	0
HPCLAS_TRAIN_N_004732	0
HPCLAS_TRAIN_N_004733	0
HPCLAS_TRAIN_N_004735	0
HPCLAS_TRAIN_N_004740	0
HPCLAS_TRAIN_N_004746	0
HPCLAS_TRAIN_N_004747	0
HPCLAS_TRAIN_N_004754	0
HPCLAS_TRAIN_N_004767	0
HPCLAS_TRAIN_N_004781	0
HPCLAS_TRAIN_N_004786	0
HPCLAS_TRAIN_N_004791	0
HPCLAS_TRAIN_N_004792	0
HPCLAS_TRAIN_N_004804	0
HPCLAS_TRAIN_N_004805	0
HPCLAS_TRAIN_N_004811	0
HPCLAS_TRAIN_N_004859	0
HPCLAS_TRAIN_N_004861	0
HPCLAS_TRAIN_N_004869	0
HPCLAS_TRAIN_N_004875	0
HPCLAS_TRAIN_N_004878	0
HPCLAS_TRAIN_N_004891	0
HPCLAS_TRAIN_N_004895	0
HPCLAS_TRAIN_N_004899	0
HPCLAS_TRAIN_N_004903	0
HPCLAS_TRAIN_N_004913	0
HPCLAS_TRAIN_N_004923	0
HPCLAS_TRAIN_N_004927	0
HPCLAS_TRAIN_N_004928	0
HPCLAS_TRAIN_N_004941	0
HPCLAS_TRAIN_N_004943	0
HPCLAS_TRAIN_N_004952	0
HPCLAS_TRAIN_N_004961	0
HPCLAS_TRAIN_N_004969	0
HPCLAS_TRAIN_N_004971	0
HPCLAS_TRAIN_N_004974	0
HPCLAS_TRAIN_N_004989	0
HPCLAS_TRAIN_N_004991	0
HPCLAS_TRAIN_N_004995	0
HPCLAS_TRAIN_N_004998	0
HPCLAS_TRAIN_N_005010	0
HPCLAS_TRAIN_N_005012	0
HPCLAS_TRAIN_N_005018	0
HPCLAS_TRAIN_N_005028	0
HPCLAS_TRAIN_N_005033	0
HPCLAS_TRAIN_N_005034	0
HPCLAS_TRAIN_N_005044	0
HPCLAS_TRAIN_N_005045	0
HPCLAS_TRAIN_N_005055	0
HPCLAS_TRAIN_N_005056	0
HPCLAS_TRAIN_N_005059	0
HPCLAS_TRAIN_N_005075	0
HPCLAS_TRAIN_N_005080	0
HPCLAS_TRAIN_N_005085	0
HPCLAS_TRAIN_N_005087	0
HPCLAS_TRAIN_N_005091	0
HPCLAS_TRAIN_N_005093	0
HPCLAS_TRAIN_N_005097	0
HPCLAS_TRAIN_N_005099	0
HPCLAS_TRAIN_N_005109	0
HPCLAS_TRAIN_P_000007	1
HPCLAS_TRAIN_P_000018	1
HPCLAS_TRAIN_P_000042	1
HPCLAS_TRAIN_P_000063	1
HPCLAS_TRAIN_P_000065	1
HPCLAS_TRAIN_P_000067	1
HPCLAS_TRAIN_P_000070	1
HPCLAS_TRAIN_P_000072	1
HPCLAS_TRAIN_P_000073	1
HPCLAS_TRAIN_P_000085	1
HPCLAS_TRAIN_P_000086	1
HPCLAS_TRAIN_P_000095	1
HPCLAS_TRAIN_P_000096	1
HPCLAS_TRAIN_P_000109	1
HPCLAS_TRAIN_P_000126	1
HPCLAS_TRAIN_P_000133	1
HPCLAS_TRAIN_P_000140	1
HPCLAS_TRAIN_P_000142	1
HPCLAS_TRAIN_P_000147	1
HPCLAS_TRAIN_P_000156	1
HPCLAS_TRAIN_P_000158	1
HPCLAS_TRAIN_P_000161	1
HPCLAS_TRAIN_P_000178	1
HPCLAS_TRAIN_P_000191	1
HPCLAS_TRAIN_P_000217	1
HPCLAS_TRAIN_P_000220	1
HPCLAS_TRAIN_P_000229	1
HPCLAS_TRAIN_P_000239	1
HPCLAS_TRAIN_P_000243	1
HPCLAS_TRAIN_P_000246	1
HPCLAS_TRAIN_P_000250	1
HPCLAS_TRAIN_P_000262	1
HPCLAS_TRAIN_P_000270	1
HPCLAS_TRAIN_P_000275	1
HPCLAS_TRAIN_P_000281	1
HPCLAS_TRAIN_P_000285	1
HPCLAS_TRAIN_P_000292	1
HPCLAS_TRAIN_P_000297	1
HPCLAS_TRAIN_P_000298	1
HPCLAS_TRAIN_P_000307	1
HPCLAS_TRAIN_P_000313	1
HPCLAS_TRAIN_P_000317	1
HPCLAS_TRAIN_P_000329	1
HPCLAS_TRAIN_P_000330	1
HPCLAS_TRAIN_P_000331	1
HPCLAS_TRAIN_P_000336	1
HPCLAS_TRAIN_P_000337	1
HPCLAS_TRAIN_P_000345	1
HPCLAS_TRAIN_P_000347	1
HPCLAS_TRAIN_P_000355	1
HPCLAS_TRAIN_P_000360	1
HPCLAS_TRAIN_P_000362	1
HPCLAS_TRAIN_P_000364	1
HPCLAS_TRAIN_P_000365	1
HPCLAS_TRAIN_P_000392	1
HPCLAS_TRAIN_P_000398	1
HPCLAS_TRAIN_P_000404	1
HPCLAS_TRAIN_P_000406	1
HPCLAS_TRAIN_P_000412	1
HPCLAS_TRAIN_P_000426	1
HPCLAS_TRAIN_P_000436	1
HPCLAS_TRAIN_P_000453	1
HPCLAS_TRAIN_P_000461	1
HPCLAS_TRAIN_P_000464	1
HPCLAS_TRAIN_P_000473	1
HPCLAS_TRAIN_P_000481	1
HPCLAS_TRAIN_P_000492	1
HPCLAS_TRAIN_P_000498	1
HPCLAS_TRAIN_P_000511	1
HPCLAS_TRAIN_P_000517	1
HPCLAS_TRAIN_P_000523	1
HPCLAS_TRAIN_P_000527	1
HPCLAS_TRAIN_P_000535	1
HPCLAS_TRAIN_P_000540	1
HPCLAS_TRAIN_P_000543	1
HPCLAS_TRAIN_P_000553	1
HPCLAS_TRAIN_P_000565	1
HPCLAS_TRAIN_P_000571	1
HPCLAS_TRAIN_P_000574	1
HPCLAS_TRAIN_P_000580	1
HPCLAS_TRAIN_P_000582	1
HPCLAS_TRAIN_P_000589	1
HPCLAS_TRAIN_P_000592	1
HPCLAS_TRAIN_P_000597	1
HPCLAS_TRAIN_P_000607	1
HPCLAS_TRAIN_P_000620	1
HPCLAS_TRAIN_P_000623	1
HPCLAS_TRAIN_P_000634	1
HPCLAS_TRAIN_P_000635	1
HPCLAS_TRAIN_P_000637	1
HPCLAS_TRAIN_P_000638	1
HPCLAS_TRAIN_P_000641	1
HPCLAS_TRAIN_P_000643	1
HPCLAS_TRAIN_P_000646	1
HPCLAS_TRAIN_P_000656	1
HPCLAS_TRAIN_P_000658	1
HPCLAS_TRAIN_P_000660	1
HPCLAS_TRAIN_P_000661	1
HPCLAS_TRAIN_P_000668	1
HPCLAS_TRAIN_P_000674	1
HPCLAS_TRAIN_P_000683	1
HPCLAS_TRAIN_P_000686	1
HPCLAS_TRAIN_P_000697	1
HPCLAS_TRAIN_P_000699	1
HPCLAS_TRAIN_P_000701	1
HPCLAS_TRAIN_P_000702	1
HPCLAS_TRAIN_P_000708	1
HPCLAS_TRAIN_P_000713	1
HPCLAS_TRAIN_P_000714	1
HPCLAS_TRAIN_P_000717	1
HPCLAS_TRAIN_P_000725	1
HPCLAS_TRAIN_P_000727	1
HPCLAS_TRAIN_P_000734	1
HPCLAS_TRAIN_P_000737	1
HPCLAS_TRAIN_P_000738	1
HPCLAS_TRAIN_P_000748	1
HPCLAS_TRAIN_P_000753	1
HPCLAS_TRAIN_P_000793	1
HPCLAS_TRAIN_P_000798	1
HPCLAS_TRAIN_P_000801	1
HPCLAS_TRAIN_P_000836	1
HPCLAS_TRAIN_P_000837	1
HPCLAS_TRAIN_P_000843	1
HPCLAS_TRAIN_P_000847	1
HPCLAS_TRAIN_P_000848	1
HPCLAS_TRAIN_P_000849	1
HPCLAS_TRAIN_P_000850	1
HPCLAS_TRAIN_P_000857	1
HPCLAS_TRAIN_P_000864	1
HPCLAS_TRAIN_P_000874	1
HPCLAS_TRAIN_P_000880	1
HPCLAS_TRAIN_P_000884	1
HPCLAS_TRAIN_P_000889	1
HPCLAS_TRAIN_P_000890	1
HPCLAS_TRAIN_P_000898	1
HPCLAS_TRAIN_P_000905	1
HPCLAS_TRAIN_P_000908	1
HPCLAS_TRAIN_P_000914	1
HPCLAS_TRAIN_P_000915	1
HPCLAS_TRAIN_P_000916	1
HPCLAS_TRAIN_P_000921	1
HPCLAS_TRAIN_P_000922	1
HPCLAS_TRAIN_P_000923	1
HPCLAS_TRAIN_P_000928	1
HPCLAS_TRAIN_P_000929	1
HPCLAS_TRAIN_P_000932	1
HPCLAS_TRAIN_P_000941	1
HPCLAS_TRAIN_P_000944	1
HPCLAS_TRAIN_P_000948	1
HPCLAS_TRAIN_P_000951	1
HPCLAS_TRAIN_P_000963	1
HPCLAS_TRAIN_P_000971	1
HPCLAS_TRAIN_P_000972	1
HPCLAS_TRAIN_P_000976	1
HPCLAS_TRAIN_P_000991	1
HPCLAS_TRAIN_P_000994	1
HPCLAS_TRAIN_P_001005	1
HPCLAS_TRAIN_P_001012	1
HPCLAS_TRAIN_P_001017	1
HPCLAS_TRAIN_P_001019	1
HPCLAS_TRAIN_P_001023	1
HPCLAS_TRAIN_P_001027	1
HPCLAS_TRAIN_P_001029	1
HPCLAS_TRAIN_P_001037	1
HPCLAS_TRAIN_P_001041	1
HPCLAS_TRAIN_P_001042	1
HPCLAS_TRAIN_P_001053	1
HPCLAS_TRAIN_P_001055	1
HPCLAS_TRAIN_P_001070	1
HPCLAS_TRAIN_P_001077	1
HPCLAS_TRAIN_P_001096	1
HPCLAS_TRAIN_P_001101	1
HPCLAS_TRAIN_P_001103	1
HPCLAS_TRAIN_P_001106	1
HPCLAS_TRAIN_P_001117	1
HPCLAS_TRAIN_P_001124	1
HPCLAS_TRAIN_P_001125	1
HPCLAS_TRAIN_P_001127	1
HPCLAS_TRAIN_P_001128	1
HPCLAS_TRAIN_P_001131	1
HPCLAS_TRAIN_P_001134	1
HPCLAS_TRAIN_P_001138	1
HPCLAS_TRAIN_P_001157	1
HPCLAS_TRAIN_P_001168	1
HPCLAS_TRAIN_P_001173	1
HPCLAS_TRAIN_P_001177	1
HPCLAS_TRAIN_P_001208	1
HPCLAS_TRAIN_P_001212	1
HPCLAS_TRAIN_P_001217	1
HPCLAS_TRAIN_P_001226	1
HPCLAS_TRAIN_P_001227	1
HPCLAS_TRAIN_P_001231	1
HPCLAS_TRAIN_P_001232	1
HPCLAS_TRAIN_P_001253	1
HPCLAS_TRAIN_P_001256	1
HPCLAS_TRAIN_P_001264	1
HPCLAS_TRAIN_P_001273	1
HPCLAS_TRAIN_P_001305	1
HPCLAS_TRAIN_P_001310	1
HPCLAS_TRAIN_P_001319	1
HPCLAS_TRAIN_P_001333	1
HPCLAS_TRAIN_P_001349	1
HPCLAS_TRAIN_P_001363	1
HPCLAS_TRAIN_P_001366	1
HPCLAS_TRAIN_P_001367	1
HPCLAS_TRAIN_P_001377	1
HPCLAS_TRAIN_P_001381	1
HPCLAS_TRAIN_P_001388	1
HPCLAS_TRAIN_P_001399	1
HPCLAS_TRAIN_P_001403	1
HPCLAS_TRAIN_P_001410	1
HPCLAS_TRAIN_P_001418	1
HPCLAS_TRAIN_P_001423	1
HPCLAS_TRAIN_P_001424	1
HPCLAS_TRAIN_P_001425	1
HPCLAS_TRAIN_P_001429	1
HPCLAS_TRAIN_P_001433	1
HPCLAS_TRAIN_P_001447	1
HPCLAS_TRAIN_P_001453	1
HPCLAS_TRAIN_P_001456	1
HPCLAS_TRAIN_P_001460	1
HPCLAS_TRAIN_P_001461	1
HPCLAS_TRAIN_P_001469	1
HPCLAS_TRAIN_P_001483	1
HPCLAS_TRAIN_P_001487	1
HPCLAS_TRAIN_P_001497	1
HPCLAS_TRAIN_P_001514	1
HPCLAS_TRAIN_P_001550	1
HPCLAS_TRAIN_P_001558	1
HPCLAS_TRAIN_P_001566	1
HPCLAS_TRAIN_P_001575	1
HPCLAS_TRAIN_P_001577	1
HPCLAS_TRAIN_P_001579	1
HPCLAS_TRAIN_P_001581	1
HPCLAS_TRAIN_P_001613	1
HPCLAS_TRAIN_P_001615	1
HPCLAS_TRAIN_P_001620	1
HPCLAS_TRAIN_P_001635	1
HPCLAS_TRAIN_P_001637	1
HPCLAS_TRAIN_P_001640	1
HPCLAS_TRAIN_P_001650	1
HPCLAS_TRAIN_P_001651	1
HPCLAS_TRAIN_P_001659	1
HPCLAS_TRAIN_P_001672	1
HPCLAS_TRAIN_P_001679	1
HPCLAS_TRAIN_P_001680	1
HPCLAS_TRAIN_P_001682	1
HPCLAS_TRAIN_P_001686	1
HPCLAS_TRAIN_P_001702	1
HPCLAS_TRAIN_P_001704	1
HPCLAS_TRAIN_P_001710	1
HPCLAS_TRAIN_P_001725	1
HPCLAS_TRAIN_P_001735	1
HPCLAS_TRAIN_P_001746	1
HPCLAS_TRAIN_P_001749	1
HPCLAS_TRAIN_P_001756	1
HPCLAS_TRAIN_P_001761	1
HPCLAS_TRAIN_P_001765	1
HPCLAS_TRAIN_P_001766	1
HPCLAS_TRAIN_P_001771	1
HPCLAS_TRAIN_P_001782	1
HPCLAS_TRAIN_P_001785	1
HPCLAS_TRAIN_P_001791	1
HPCLAS_TRAIN_P_001809	1
HPCLAS_TRAIN_P_001812	1
HPCLAS_TRAIN_P_001817	1
HPCLAS_TRAIN_P_001821	1
HPCLAS_TRAIN_P_001822	1
HPCLAS_TRAIN_P_001824	1
HPCLAS_TRAIN_P_001828	1
HPCLAS_TRAIN_P_001857	1
HPCLAS_TRAIN_P_001864	1
HPCLAS_TRAIN_P_001869	1
HPCLAS_TRAIN_P_001872	1
HPCLAS_TRAIN_P_001875	1
HPCLAS_TRAIN_P_001876	1
HPCLAS_TRAIN_P_001896	1
HPCLAS_TRAIN_P_001899	1
HPCLAS_TRAIN_P_001908	1
HPCLAS_TRAIN_P_001912	1
HPCLAS_TRAIN_P_001913	1
HPCLAS_TRAIN_P_001921	1
HPCLAS_TRAIN_P_001932	1
HPCLAS_TRAIN_P_001937	1
HPCLAS_TRAIN_P_001942	1
HPCLAS_TRAIN_P_001952	1
HPCLAS_TRAIN_P_001954	1
HPCLAS_TRAIN_P_001957	1
HPCLAS_TRAIN_P_001959	1
HPCLAS_TRAIN_P_001962	1
HPCLAS_TRAIN_P_001971	1
HPCLAS_TRAIN_P_001981	1
HPCLAS_TRAIN_P_001983	1
HPCLAS_TRAIN_P_001986	1
HPCLAS_TRAIN_P_002003	1
HPCLAS_TRAIN_P_002004	1
HPCLAS_TRAIN_P_002012	1
HPCLAS_TRAIN_P_002014	1
HPCLAS_TRAIN_P_002015	1
HPCLAS_TRAIN_P_002016	1
HPCLAS_TRAIN_P_002019	1
HPCLAS_TRAIN_P_002021	1
HPCLAS_TRAIN_P_002045	1
HPCLAS_TRAIN_P_002050	1
HPCLAS_TRAIN_P_002051	1
HPCLAS_TRAIN_P_002066	1
HPCLAS_TRAIN_P_002076	1
HPCLAS_TRAIN_P_002083	1
HPCLAS_TRAIN_P_002087	1
HPCLAS_TRAIN_P_002099	1
HPCLAS_TRAIN_P_002100	1
HPCLAS_TRAIN_P_002116	1
HPCLAS_TRAIN_P_002118	1
HPCLAS_TRAIN_P_002120	1
HPCLAS_TRAIN_P_002121	1
HPCLAS_TRAIN_P_002128	1
HPCLAS_TRAIN_P_002132	1
HPCLAS_TRAIN_P_002135	1
HPCLAS_TRAIN_P_002138	1
HPCLAS_TRAIN_P_002144	1
HPCLAS_TRAIN_P_002148	1
HPCLAS_TRAIN_P_002149	1
HPCLAS_TRAIN_P_002151	1
HPCLAS_TRAIN_P_002158	1
HPCLAS_TRAIN_P_002178	1
HPCLAS_TRAIN_P_002191	1
HPCLAS_TRAIN_P_002193	1
HPCLAS_TRAIN_P_002198	1
HPCLAS_TRAIN_P_002207	1
HPCLAS_TRAIN_P_002208	1
HPCLAS_TRAIN_P_002216	1
HPCLAS_TRAIN_P_002218	1
HPCLAS_TRAIN_P_002221	1
HPCLAS_TRAIN_P_002223	1
HPCLAS_TRAIN_P_002239	1
HPCLAS_TRAIN_P_002243	1
HPCLAS_TRAIN_P_002250	1
HPCLAS_TRAIN_P_002254	1
HPCLAS_TRAIN_P_002263	1
HPCLAS_TRAIN_P_002268	1
HPCLAS_TRAIN_P_002269	1
HPCLAS_TRAIN_P_002273	1
HPCLAS_TRAIN_P_002276	1
HPCLAS_TRAIN_P_002278	1
HPCLAS_TRAIN_P_002280	1
HPCLAS_TRAIN_P_002282	1
HPCLAS_TRAIN_P_002288	1
HPCLAS_TRAIN_P_002289	1
HPCLAS_TRAIN_P_002295	1
HPCLAS_TRAIN_P_002303	1
HPCLAS_TRAIN_P_002317	1
HPCLAS_TRAIN_P_002324	1
HPCLAS_TRAIN_P_002343	1
HPCLAS_TRAIN_P_002346	1
HPCLAS_TRAIN_P_002370	1
HPCLAS_TRAIN_P_002372	1
HPCLAS_TRAIN_P_002375	1
HPCLAS_TRAIN_P_002382	1
HPCLAS_TRAIN_P_002383	1
HPCLAS_TRAIN_P_002384	1
HPCLAS_TRAIN_P_002389	1
HPCLAS_TRAIN_P_002391	1
HPCLAS_TRAIN_P_002392	1
HPCLAS_TRAIN_P_002395	1
HPCLAS_TRAIN_P_002399	1
HPCLAS_TRAIN_P_002410	1
HPCLAS_TRAIN_P_002412	1
HPCLAS_TRAIN_P_002414	1
HPCLAS_TRAIN_P_002426	1
HPCLAS_TRAIN_P_002434	1
HPCLAS_TRAIN_P_002451	1
HPCLAS_TRAIN_P_002457	1
HPCLAS_TRAIN_P_002458	1
HPCLAS_TRAIN_P_002460	1
HPCLAS_TRAIN_P_002464	1
HPCLAS_TRAIN_P_002470	1
HPCLAS_TRAIN_P_002474	1
HPCLAS_TRAIN_P_002477	1
HPCLAS_TRAIN_P_002489	1
HPCLAS_TRAIN_P_002501	1
HPCLAS_TRAIN_P_002527	1
HPCLAS_TRAIN_P_002537	1
HPCLAS_TRAIN_P_002539	1
HPCLAS_TRAIN_P_002540	1
HPCLAS_TRAIN_P_002550	1
HPCLAS_TRAIN_P_002561	1
HPCLAS_TRAIN_P_002564	1
HPCLAS_TRAIN_P_002585	1
HPCLAS_TRAIN_P_002596	1
HPCLAS_TRAIN_P_002606	1
HPCLAS_TRAIN_P_002618	1
HPCLAS_TRAIN_P_002623	1
HPCLAS_TRAIN_P_002630	1
HPCLAS_TRAIN_P_002633	1
HPCLAS_TRAIN_P_002646	1
HPCLAS_TRAIN_P_002649	1
HPCLAS_TRAIN_P_002653	1
HPCLAS_TRAIN_P_002659	1
HPCLAS_TRAIN_P_002666	1
HPCLAS_TRAIN_P_002674	1
HPCLAS_TRAIN_P_002676	1
HPCLAS_TRAIN_P_002677	1
HPCLAS_TRAIN_P_002683	1
HPCLAS_TRAIN_P_002685	1
HPCLAS_TRAIN_P_002694	1
HPCLAS_TRAIN_P_002707	1
HPCLAS_TRAIN_P_002708	1
HPCLAS_TRAIN_P_002711	1
HPCLAS_TRAIN_P_002725	1
HPCLAS_TRAIN_P_002732	1
HPCLAS_TRAIN_P_002743	1
HPCLAS_TRAIN_P_002744	1
HPCLAS_TRAIN_P_002746	1
HPCLAS_TRAIN_P_002755	1
HPCLAS_TRAIN_P_002756	1
HPCLAS_TRAIN_P_002759	1
HPCLAS_TRAIN_P_002767	1
HPCLAS_TRAIN_P_002768	1
HPCLAS_TRAIN_P_002779	1
HPCLAS_TRAIN_P_002785	1
HPCLAS_TRAIN_P_002796	1
HPCLAS_TRAIN_P_002797	1
HPCLAS_TRAIN_P_002798	1
HPCLAS_TRAIN_P_002801	1
HPCLAS_TRAIN_P_002813	1
HPCLAS_TRAIN_P_002814	1
HPCLAS_TRAIN_P_002825	1
HPCLAS_TRAIN_P_002827	1
HPCLAS_TRAIN_P_002838	1
HPCLAS_TRAIN_P_002862	1
HPCLAS_TRAIN_P_002864	1
HPCLAS_TRAIN_P_002868	1
HPCLAS_TRAIN_P_002872	1
HPCLAS_TRAIN_P_002876	1
HPCLAS_TRAIN_P_002878	1
HPCLAS_TRAIN_P_002880	1
HPCLAS_TRAIN_P_002881	1
HPCLAS_TRAIN_P_002884	1
HPCLAS_TRAIN_P_002888	1
HPCLAS_TRAIN_P_002891	1
HPCLAS_TRAIN_P_002903	1
HPCLAS_TRAIN_P_002909	1
HPCLAS_TRAIN_P_002918	1
HPCLAS_TRAIN_P_002919	1
HPCLAS_TRAIN_P_002923	1
HPCLAS_TRAIN_P_002930	1
HPCLAS_TRAIN_P_002937	1
HPCLAS_TRAIN_P_002938	1
HPCLAS_TRAIN_P_002946	1
HPCLAS_TRAIN_P_002950	1
HPCLAS_TRAIN_P_002957	1
HPCLAS_TRAIN_P_002962	1
HPCLAS_TRAIN_P_002963	1
HPCLAS_TRAIN_P_002969	1
HPCLAS_TRAIN_P_002977	1
HPCLAS_TRAIN_P_002986	1
HPCLAS_TRAIN_P_002987	1
HPCLAS_TRAIN_P_002992	1
HPCLAS_TRAIN_P_003000	1
HPCLAS_TRAIN_P_003005	1
HPCLAS_TRAIN_P_003007	1
HPCLAS_TRAIN_P_003009	1
HPCLAS_TRAIN_P_003020	1
HPCLAS_TRAIN_P_003024	1
HPCLAS_TRAIN_P_003036	1
HPCLAS_TRAIN_P_003041	1
HPCLAS_TRAIN_P_003044	1
HPCLAS_TRAIN_P_003061	1
HPCLAS_TRAIN_P_003062	1
HPCLAS_TRAIN_P_003069	1
HPCLAS_TRAIN_P_003074	1
HPCLAS_TRAIN_P_003076	1
HPCLAS_TRAIN_P_003081	1
HPCLAS_TRAIN_P_003084	1
HPCLAS_TRAIN_P_003098	1
HPCLAS_TRAIN_P_003106	1
HPCLAS_TRAIN_P_003109	1
HPCLAS_TRAIN_P_003110	1
HPCLAS_TRAIN_P_003111	1
HPCLAS_TRAIN_P_003114	1
HPCLAS_TRAIN_P_003129	1
HPCLAS_TRAIN_P_003130	1
HPCLAS_TRAIN_P_003132	1
HPCLAS_TRAIN_P_003138	1
HPCLAS_TRAIN_P_003139	1
HPCLAS_TRAIN_P_003149	1
HPCLAS_TRAIN_P_003151	1
HPCLAS_TRAIN_P_003157	1
HPCLAS_TRAIN_P_003160	1
HPCLAS_TRAIN_P_003171	1
HPCLAS_TRAIN_P_003177	1
HPCLAS_TRAIN_P_003179	1
HPCLAS_TRAIN_P_003191	1
HPCLAS_TRAIN_P_003201	1
HPCLAS_TRAIN_P_003207	1
HPCLAS_TRAIN_P_003212	1
HPCLAS_TRAIN_P_003225	1
HPCLAS_TRAIN_P_003228	1
HPCLAS_TRAIN_P_003229	1
HPCLAS_TRAIN_P_003232	1
HPCLAS_TRAIN_P_003233	1
HPCLAS_TRAIN_P_003235	1
HPCLAS_TRAIN_P_003276	1
HPCLAS_TRAIN_P_003278	1
HPCLAS_TRAIN_P_003280	1
HPCLAS_TRAIN_P_003283	1
HPCLAS_TRAIN_P_003288	1
HPCLAS_TRAIN_P_003291	1
HPCLAS_TRAIN_P_003300	1
HPCLAS_TRAIN_P_003306	1
HPCLAS_TRAIN_P_003307	1
HPCLAS_TRAIN_P_003308	1
HPCLAS_TRAIN_P_003312	1
HPCLAS_TRAIN_P_003316	1
HPCLAS_TRAIN_P_003329	1
HPCLAS_TRAIN_P_003334	1
HPCLAS_TRAIN_P_003336	1
HPCLAS_TRAIN_P_003340	1
HPCLAS_TRAIN_P_003356	1
HPCLAS_TRAIN_P_003359	1
HPCLAS_TRAIN_P_003362	1
HPCLAS_TRAIN_P_003371	1
HPCLAS_TRAIN_P_003385	1
HPCLAS_TRAIN_P_003395	1
HPCLAS_TRAIN_P_003404	1
HPCLAS_TRAIN_P_003430	1
HPCLAS_TRAIN_P_003436	1
HPCLAS_TRAIN_P_003441	1
HPCLAS_TRAIN_P_003447	1
HPCLAS_TRAIN_P_003451	1
HPCLAS_TRAIN_P_003464	1
HPCLAS_TRAIN_P_003465	1
HPCLAS_TRAIN_P_003487	1
HPCLAS_TRAIN_P_003494	1
HPCLAS_TRAIN_P_003516	1
HPCLAS_TRAIN_P_003519	1
HPCLAS_TRAIN_P_003521	1
HPCLAS_TRAIN_P_003527	1
HPCLAS_TRAIN_P_003531	1
HPCLAS_TRAIN_P_003542	1
HPCLAS_TRAIN_P_003544	1
HPCLAS_TRAIN_P_003554	1
HPCLAS_TRAIN_P_003559	1
HPCLAS_TRAIN_P_003573	1
HPCLAS_TRAIN_P_003577	1
HPCLAS_TRAIN_P_003578	1
HPCLAS_TRAIN_P_003579	1
HPCLAS_TRAIN_P_003590	1
HPCLAS_TRAIN_P_003592	1
HPCLAS_TRAIN_P_003609	1
HPCLAS_TRAIN_P_003619	1
HPCLAS_TRAIN_P_003624	1
HPCLAS_TRAIN_P_003628	1
HPCLAS_TRAIN_P_003629	1
HPCLAS_TRAIN_P_003635	1
HPCLAS_TRAIN_P_003642	1
HPCLAS_TRAIN_P_003645	1
HPCLAS_TRAIN_P_003647	1
HPCLAS_TRAIN_P_003655	1
HPCLAS_TRAIN_P_003661	1
HPCLAS_TRAIN_P_003662	1
HPCLAS_TRAIN_P_003663	1
HPCLAS_TRAIN_P_003666	1
HPCLAS_TRAIN_P_003668	1
HPCLAS_TRAIN_P_003671	1
HPCLAS_TRAIN_P_003679	1
HPCLAS_TRAIN_P_003680	1
HPCLAS_TRAIN_P_003700	1
HPCLAS_TRAIN_P_003718	1
HPCLAS_TRAIN_P_003732	1
HPCLAS_TRAIN_P_003737	1
HPCLAS_TRAIN_P_003756	1
HPCLAS_TRAIN_P_003769	1
HPCLAS_TRAIN_P_003783	1
HPCLAS_TRAIN_P_003787	1
HPCLAS_TRAIN_P_003802	1
HPCLAS_TRAIN_P_003803	1
HPCLAS_TRAIN_P_003827	1
HPCLAS_TRAIN_P_003843	1
HPCLAS_TRAIN_P_003855	1
HPCLAS_TRAIN_P_003860	1
HPCLAS_TRAIN_P_003867	1
HPCLAS_TRAIN_P_003870	1
HPCLAS_TRAIN_P_003875	1
HPCLAS_TRAIN_P_003878	1
HPCLAS_TRAIN_P_003884	1
HPCLAS_TRAIN_P_003890	1
HPCLAS_TRAIN_P_003896	1
HPCLAS_TRAIN_P_003906	1
HPCLAS_TRAIN_P_003910	1
HPCLAS_TRAIN_P_003916	1
HPCLAS_TRAIN_P_003927	1
HPCLAS_TRAIN_P_003929	1
HPCLAS_TRAIN_P_003933	1
HPCLAS_TRAIN_P_003945	1
HPCLAS_TRAIN_P_003974	1
HPCLAS_TRAIN_P_004000	1
HPCLAS_TRAIN_P_004003	1
HPCLAS_TRAIN_P_004006	1
HPCLAS_TRAIN_P_004031	1
HPCLAS_TRAIN_P_004038	1
HPCLAS_TRAIN_P_004042	1
HPCLAS_TRAIN_P_004049	1
HPCLAS_TRAIN_P_004054	1
HPCLAS_TRAIN_P_004058	1
HPCLAS_TRAIN_P_004066	1
HPCLAS_TRAIN_P_004078	1
HPCLAS_TRAIN_P_004079	1
HPCLAS_TRAIN_P_004086	1
HPCLAS_TRAIN_P_004087	1
HPCLAS_TRAIN_P_004091	1
HPCLAS_TRAIN_P_004092	1
HPCLAS_TRAIN_P_004102	1
HPCLAS_TRAIN_P_004105	1
HPCLAS_TRAIN_P_004119	1
HPCLAS_TRAIN_P_004122	1
HPCLAS_TRAIN_P_004130	1
HPCLAS_TRAIN_P_004138	1
HPCLAS_TRAIN_P_004139	1
HPCLAS_TRAIN_P_004148	1
HPCLAS_TRAIN_P_004158	1
HPCLAS_TRAIN_P_004167	1
HPCLAS_TRAIN_P_004169	1
HPCLAS_TRAIN_P_004172	1
HPCLAS_TRAIN_P_004179	1
HPCLAS_TRAIN_P_004181	1
HPCLAS_TRAIN_P_004193	1
HPCLAS_TRAIN_P_004207	1
HPCLAS_TRAIN_P_004218	1
HPCLAS_TRAIN_P_004224	1
HPCLAS_TRAIN_P_004226	1
HPCLAS_TRAIN_P_004238	1
HPCLAS_TRAIN_P_004239	1
HPCLAS_TRAIN_P_004256	1
HPCLAS_TRAIN_P_004267	1
HPCLAS_TRAIN_P_004268	1
HPCLAS_TRAIN_P_004276	1
HPCLAS_TRAIN_P_004278	1
HPCLAS_TRAIN_P_004286	1
HPCLAS_TRAIN_P_004292	1
HPCLAS_TRAIN_P_004307	1
HPCLAS_TRAIN_P_004314	1
HPCLAS_TRAIN_P_004324	1
HPCLAS_TRAIN_P_004332	1
HPCLAS_TRAIN_P_004336	1
HPCLAS_TRAIN_P_004349	1
HPCLAS_TRAIN_P_004354	1
HPCLAS_TRAIN_P_004363	1
HPCLAS_TRAIN_P_004369	1
HPCLAS_TRAIN_P_004386	1
HPCLAS_TRAIN_P_004414	1
HPCLAS_TRAIN_P_004421	1
HPCLAS_TRAIN_P_004423	1
HPCLAS_TRAIN_P_004429	1
HPCLAS_TRAIN_P_004433	1
HPCLAS_TRAIN_P_004440	1
HPCLAS_TRAIN_P_004442	1
HPCLAS_TRAIN_P_004444	1
HPCLAS_TRAIN_P_004453	1
HPCLAS_TRAIN_P_004455	1
HPCLAS_TRAIN_P_004464	1
HPCLAS_TRAIN_P_004465	1
HPCLAS_TRAIN_P_004467	1
HPCLAS_TRAIN_P_004472	1
HPCLAS_TRAIN_P_004474	1
HPCLAS_TRAIN_P_004489	1
HPCLAS_TRAIN_P_004490	1
HPCLAS_TRAIN_P_004503	1
HPCLAS_TRAIN_P_004511	1
HPCLAS_TRAIN_P_004516	1
HPCLAS_TRAIN_P_004531	1
HPCLAS_TRAIN_P_004534	1
HPCLAS_TRAIN_P_004537	1
HPCLAS_TRAIN_P_004540	1
HPCLAS_TRAIN_P_004544	1
HPCLAS_TRAIN_P_004551	1
HPCLAS_TRAIN_P_004558	1
HPCLAS_TRAIN_P_004559	1
HPCLAS_TRAIN_P_004564	1
HPCLAS_TRAIN_P_004571	1
HPCLAS_TRAIN_P_004579	1
HPCLAS_TRAIN_P_004591	1
HPCLAS_TRAIN_P_004597	1
HPCLAS_TRAIN_P_004598	1
HPCLAS_TRAIN_P_004622	1
HPCLAS_TRAIN_P_004631	1
HPCLAS_TRAIN_P_004652	1
HPCLAS_TRAIN_P_004662	1
HPCLAS_TRAIN_P_004666	1
HPCLAS_TRAIN_P_004668	1
HPCLAS_TRAIN_P_004678	1
HPCLAS_TRAIN_P_004683	1
HPCLAS_TRAIN_P_004685	1
HPCLAS_TRAIN_P_004688	1
HPCLAS_TRAIN_P_004690	1
HPCLAS_TRAIN_P_004693	1
HPCLAS_TRAIN_P_004700	1
HPCLAS_TRAIN_P_004705	1
HPCLAS_TRAIN_P_004712	1
HPCLAS_TRAIN_P_004718	1
HPCLAS_TRAIN_P_004722	1
HPCLAS_TRAIN_P_004725	1
HPCLAS_TRAIN_P_004729	1
HPCLAS_TRAIN_P_004734	1
HPCLAS_TRAIN_P_004740	1
HPCLAS_TRAIN_P_004742	1
HPCLAS_TRAIN_P_004757	1
HPCLAS_TRAIN_P_004759	1
HPCLAS_TRAIN_P_004764	1
HPCLAS_TRAIN_P_004765	1
HPCLAS_TRAIN_P_004770	1
HPCLAS_TRAIN_P_004781	1
HPCLAS_TRAIN_P_004782	1
HPCLAS_TRAIN_P_004783	1
HPCLAS_TRAIN_P_004784	1
HPCLAS_TRAIN_P_004790	1
HPCLAS_TRAIN_P_004795	1
HPCLAS_TRAIN_P_004798	1
HPCLAS_TRAIN_P_004811	1
HPCLAS_TRAIN_P_004822	1
HPCLAS_TRAIN_P_004832	1
HPCLAS_TRAIN_P_004834	1
HPCLAS_TRAIN_P_004846	1
HPCLAS_TRAIN_P_004857	1
HPCLAS_TRAIN_P_004860	1
HPCLAS_TRAIN_P_004862	1
HPCLAS_TRAIN_P_004873	1
HPCLAS_TRAIN_P_004874	1
HPCLAS_TRAIN_P_004883	1
HPCLAS_TRAIN_P_004898	1
HPCLAS_TRAIN_P_004919	1
HPCLAS_TRAIN_P_004938	1
HPCLAS_TRAIN_P_004968	1
HPCLAS_TRAIN_P_004978	1
HPCLAS_TRAIN_P_004993	1
HPCLAS_TRAIN_P_005000	1
HPCLAS_TRAIN_P_005004	1
HPCLAS_TRAIN_P_005022	1
HPCLAS_TRAIN_P_005033	1
HPCLAS_TRAIN_P_005039	1
HPCLAS_TRAIN_P_005040	1
HPCLAS_TRAIN_P_005042	1
HPCLAS_TRAIN_P_005060	1
HPCLAS_TRAIN_P_005064	1
HPCLAS_TRAIN_P_005066	1
HPCLAS_TRAIN_P_005081	1
HPCLAS_TRAIN_P_005082	1
HPCLAS_TRAIN_P_005084	1
HPCLAS_TRAIN_P_005096	1
HPCLAS_TRAIN_P_005100	1
HPCLAS_TRAIN_P_005101	1
HPCLAS_TRAIN_P_005103	1
HPCLAS_TRAIN_P_005105	1
HPCLAS_TRAIN_P_005111	1
HPCLAS_TRAIN_P_005120	1
HPCLAS_TRAIN_P_005123	1
HPCLAS_TRAIN_P_005133	1
HPCLAS_TRAIN_P_005138	1
HPCLAS_TRAIN_P_005146	1
HPCLAS_TRAIN_P_005147	1
HPCLAS_TRAIN_P_005157	1
HPCLAS_TRAIN_P_005160	1
HPCLAS_TRAIN_P_005167	1
HPCLAS_TRAIN_P_005174	1
HPCLAS_TRAIN_P_005182	1
HPCLAS_TRAIN_P_005195	1
HPCLAS_TRAIN_P_005201	1
HPCLAS_TRAIN_P_005202	1
HPCLAS_TRAIN_P_005210	1
HPCLAS_TRAIN_P_005227	1
HPCLAS_TRAIN_P_005232	1
HPCLAS_TRAIN_P_005239	1
HPCLAS_TRAIN_P_005249	1
HPCLAS_TRAIN_P_005270	1
HPCLAS_TRAIN_P_005274	1
HPCLAS_TRAIN_P_005279	1
HPCLAS_TRAIN_P_005286	1
HPCLAS_TRAIN_P_005297	1
HPCLAS_TRAIN_P_005299	1
HPCLAS_TRAIN_P_005305	1
HPCLAS_TRAIN_P_005307	1
HPCLAS_TRAIN_P_005317	1
HPCLAS_TRAIN_P_005329	1
HPCLAS_TRAIN_P_005332	1
HPCLAS_TRAIN_P_005338	1
HPCLAS_TRAIN_P_005339	1
HPCLAS_TRAIN_P_005348	1
HPCLAS_TRAIN_P_005352	1
HPCLAS_TRAIN_P_005354	1
HPCLAS_TRAIN_P_005359	1
HPCLAS_TRAIN_P_005365	1
HPCLAS_TRAIN_P_005369	1
HPCLAS_TRAIN_P_005372	1
HPCLAS_TRAIN_P_005385	1
HPCLAS_TRAIN_P_005394	1
HPCLAS_TRAIN_P_005420	1
HPCLAS_TRAIN_P_005421	1
HPCLAS_TRAIN_P_005436	1
HPCLAS_TRAIN_P_005438	1
HPCLAS_TRAIN_P_005442	1
HPCLAS_TRAIN_P_005454	1
HPCLAS_TRAIN_P_005475	1
HPCLAS_TRAIN_P_005481	1
HPCLAS_TRAIN_P_005482	1
HPCLAS_TRAIN_P_005484	1
HPCLAS_TRAIN_P_005494	1
HPCLAS_TRAIN_P_005526	1
HPCLAS_TRAIN_P_005533	1
HPCLAS_TRAIN_P_005535	1
HPCLAS_TRAIN_P_005536	1
HPCLAS_TRAIN_P_005543	1
HPCLAS_TRAIN_P_005547	1
HPCLAS_TRAIN_P_005558	1
HPCLAS_TRAIN_P_005567	1
HPCLAS_TRAIN_P_005571	1
HPCLAS_TRAIN_P_005572	1
HPCLAS_TRAIN_P_005578	1
HPCLAS_TRAIN_P_005588	1
HPCLAS_TRAIN_P_005594	1
HPCLAS_TRAIN_P_005596	1
HPCLAS_TRAIN_P_005606	1
HPCLAS_TRAIN_P_005610	1
HPCLAS_TRAIN_P_005616	1
HPCLAS_TRAIN_P_005623	1
HPCLAS_TRAIN_P_005639	1
HPCLAS_TRAIN_P_005640	1
HPCLAS_TRAIN_P_005645	1
HPCLAS_TRAIN_P_005648	1
HPCLAS_TRAIN_P_005649	1
HPCLAS_TRAIN_P_005650	1
HPCLAS_TRAIN_P_005662	1
HPCLAS_TRAIN_P_005670	1
HPCLAS_TRAIN_P_005673	1
HPCLAS_TRAIN_P_005674	1
HPCLAS_TRAIN_P_005682	1
HPCLAS_TRAIN_P_005689	1
HPCLAS_TRAIN_P_005693	1
HPCLAS_TRAIN_P_005694	1
HPCLAS_TRAIN_P_005695	1
HPCLAS_TRAIN_P_005701	1
HPCLAS_TRAIN_P_005707	1
HPCLAS_TRAIN_P_005733	1
HPCLAS_TRAIN_P_005746	1
HPCLAS_TRAIN_P_005757	1
HPCLAS_TRAIN_P_005759	1
HPCLAS_TRAIN_P_005762	1
HPCLAS_TRAIN_P_005767	1
HPCLAS_TRAIN_P_005774	1
HPCLAS_TRAIN_P_005776	1
HPCLAS_TRAIN_P_005778	1
HPCLAS_TRAIN_P_005782	1
HPCLAS_TRAIN_P_005783	1
HPCLAS_TRAIN_P_005787	1
HPCLAS_TRAIN_P_005795	1
HPCLAS_TRAIN_P_005796	1
HPCLAS_TRAIN_P_005805	1
HPCLAS_TRAIN_P_005813	1
HPCLAS_TRAIN_P_005815	1
HPCLAS_TRAIN_P_005831	1
HPCLAS_TRAIN_P_005841	1
HPCLAS_TRAIN_P_005847	1
HPCLAS_TRAIN_P_005856	1
HPCLAS_TRAIN_P_005863	1
HPCLAS_TRAIN_P_005865	1
HPCLAS_TRAIN_P_005871	1
HPCLAS_TRAIN_P_005888	1
HPCLAS_TRAIN_P_005890	1
HPCLAS_TRAIN_P_005899	1
HPCLAS_TRAIN_P_005901	1
HPCLAS_TRAIN_P_005907	1
HPCLAS_TRAIN_P_005912	1
HPCLAS_TRAIN_P_005913	1
HPCLAS_TRAIN_P_005914	1
HPCLAS_TRAIN_P_005925	1
HPCLAS_TRAIN_P_005960	1
HPCLAS_TRAIN_P_005962	1
HPCLAS_TRAIN_P_005967	1
HPCLAS_TRAIN_P_005969	1
HPCLAS_TRAIN_P_005970	1
HPCLAS_TRAIN_P_005977	1
HPCLAS_TRAIN_P_005979	1
HPCLAS_TRAIN_P_006003	1
HPCLAS_TRAIN_P_006007	1
HPCLAS_TRAIN_P_006008	1
HPCLAS_TRAIN_P_006013	1
HPCLAS_TRAIN_P_006022	1
HPCLAS_TRAIN_P_006034	1
HPCLAS_TRAIN_P_006042	1
HPCLAS_TRAIN_P_006045	1
HPCLAS_TRAIN_P_006054	1
HPCLAS_TRAIN_P_006056	1
HPCLAS_TRAIN_P_006062	1
HPCLAS_TRAIN_P_006068	1
HPCLAS_TRAIN_P_006085	1
HPCLAS_TRAIN_P_006088	1
HPCLAS_TRAIN_P_006089	1
HPCLAS_TRAIN_P_006092	1
HPCLAS_TRAIN_P_006101	1
HPCLAS_TRAIN_P_006102	1
HPCLAS_TRAIN_P_006106	1
HPCLAS_TRAIN_P_006129	1
HPCLAS_TRAIN_P_006130	1
HPCLAS_TRAIN_P_006132	1
HPCLAS_TRAIN_P_006133	1
HPCLAS_TRAIN_P_006138	1
HPCLAS_TRAIN_P_006140	1
HPCLAS_TRAIN_P_006146	1
HPCLAS_TRAIN_P_006156	1
HPCLAS_TRAIN_P_006159	1
HPCLAS_TRAIN_P_006169	1
HPCLAS_TRAIN_P_006174	1
HPCLAS_TRAIN_P_006176	1
HPCLAS_TRAIN_P_006177	1
HPCLAS_TRAIN_P_006186	1
HPCLAS_TRAIN_P_006194	1
HPCLAS_TRAIN_P_006195	1
HPCLAS_TRAIN_P_006197	1
HPCLAS_TRAIN_P_006211	1
HPCLAS_TRAIN_P_006225	1
HPCLAS_TRAIN_P_006235	1
HPCLAS_TRAIN_P_006236	1
HPCLAS_TRAIN_P_006237	1
HPCLAS_TRAIN_P_006238	1
HPCLAS_TRAIN_P_006239	1
HPCLAS_TRAIN_P_006245	1
HPCLAS_TRAIN_P_006246	1
HPCLAS_TRAIN_P_006254	1
HPCLAS_TRAIN_P_006257	1
HPCLAS_TRAIN_P_006266	1
HPCLAS_TRAIN_P_006267	1
HPCLAS_TRAIN_P_006277	1
HPCLAS_TRAIN_P_006278	1
HPCLAS_TRAIN_P_006287	1
HPCLAS_TRAIN_P_006290	1
HPCLAS_TRAIN_P_006296	1
HPCLAS_TRAIN_P_006312	1
HPCLAS_TRAIN_P_006319	1
HPCLAS_TRAIN_P_006335	1
HPCLAS_TRAIN_P_006338	1
HPCLAS_TRAIN_P_006348	1
HPCLAS_TRAIN_P_006354	1
HPCLAS_TRAIN_P_006360	1
HPCLAS_TRAIN_P_006362	1
HPCLAS_TRAIN_P_006364	1
HPCLAS_TRAIN_P_006366	1
HPCLAS_TRAIN_P_006368	1
HPCLAS_TRAIN_P_006381	1
HPCLAS_TRAIN_P_006384	1
HPCLAS_TRAIN_P_006392	1
HPCLAS_TRAIN_P_006406	1
HPCLAS_TRAIN_P_006407	1
HPCLAS_TRAIN_P_006420	1
HPCLAS_TRAIN_P_006424	1
HPCLAS_TRAIN_P_006432	1
HPCLAS_TRAIN_P_006437	1
HPCLAS_TRAIN_P_006438	1
HPCLAS_TRAIN_P_006447	1
HPCLAS_TRAIN_P_006468	1
HPCLAS_TRAIN_P_006470	1
HPCLAS_TRAIN_P_006479	1
HPCLAS_TRAIN_P_006504	1
HPCLAS_TRAIN_P_006505	1
HPCLAS_TRAIN_P_006512	1
HPCLAS_TRAIN_P_006524	1
HPCLAS_TRAIN_P_006533	1
HPCLAS_TRAIN_P_006536	1
HPCLAS_TRAIN_P_006539	1
HPCLAS_TRAIN_P_006549	1
HPCLAS_TRAIN_P_006569	1
HPCLAS_TRAIN_P_006572	1
HPCLAS_TRAIN_P_006580	1
HPCLAS_TRAIN_P_006583	1
HPCLAS_TRAIN_P_006584	1
HPCLAS_TRAIN_P_006600	1
HPCLAS_TRAIN_P_006601	1
HPCLAS_TRAIN_P_006603	1
HPCLAS_TRAIN_P_006606	1
HPCLAS_TRAIN_P_006612	1
HPCLAS_TRAIN_P_006619	1
HPCLAS_TRAIN_P_006627	1
HPCLAS_TRAIN_P_006630	1
HPCLAS_TRAIN_P_006634	1
HPCLAS_TRAIN_P_006635	1
HPCLAS_TRAIN_P_006642	1
HPCLAS_TRAIN_P_006644	1
HPCLAS_TRAIN_P_006646	1
HPCLAS_TRAIN_P_006649	1
HPCLAS_TRAIN_P_006654	1
HPCLAS_TRAIN_P_006658	1
HPCLAS_TRAIN_P_006660	1
HPCLAS_TRAIN_P_006665	1
HPCLAS_TRAIN_P_006669	1
HPCLAS_TRAIN_P_006673	1
HPCLAS_TRAIN_P_006678	1
HPCLAS_TRAIN_P_006679	1
HPCLAS_TRAIN_P_006681	1
HPCLAS_TRAIN_P_006685	1
HPCLAS_TRAIN_P_006686	1
HPCLAS_TRAIN_P_006707	1
HPCLAS_TRAIN_P_006712	1
HPCLAS_TRAIN_P_006717	1
HPCLAS_TRAIN_P_006722	1
HPCLAS_TRAIN_P_006725	1
HPCLAS_TRAIN_P_006730	1
HPCLAS_TRAIN_P_006739	1
HPCLAS_TRAIN_P_006766	1
HPCLAS_TRAIN_P_006767	1
HPCLAS_TRAIN_P_006790	1
HPCLAS_TRAIN_P_006807	1
HPCLAS_TRAIN_P_006809	1
HPCLAS_TRAIN_P_006818	1
HPCLAS_TRAIN_P_006828	1
HPCLAS_TRAIN_P_006833	1
HPCLAS_TRAIN_P_006839	1
HPCLAS_TRAIN_P_006840	1
HPCLAS_TRAIN_P_006855	1
HPCLAS_TRAIN_P_006861	1
HPCLAS_TRAIN_P_006868	1
HPCLAS_TRAIN_P_006876	1
HPCLAS_TRAIN_P_006877	1
HPCLAS_TRAIN_P_006878	1
HPCLAS_TRAIN_P_006887	1
HPCLAS_TRAIN_P_006894	1
HPCLAS_TRAIN_P_006900	1
HPCLAS_TRAIN_P_006914	1
HPCLAS_TRAIN_P_006929	1
HPCLAS_TRAIN_P_006941	1
HPCLAS_TRAIN_P_006957	1
HPCLAS_TRAIN_P_006966	1
HPCLAS_TRAIN_P_006967	1
HPCLAS_TRAIN_P_006976	1
HPCLAS_TRAIN_P_006980	1
HPCLAS_TRAIN_P_006985	1
HPCLAS_TRAIN_P_006986	1
HPCLAS_TRAIN_P_006992	1
HPCLAS_TRAIN_P_006993	1
HPCLAS_TRAIN_P_006998	1
HPCLAS_TRAIN_P_007019	1
HPCLAS_TRAIN_P_007020	1
HPCLAS_TRAIN_P_007029	1
HPCLAS_TRAIN_P_007038	1
HPCLAS_TRAIN_P_007041	1
HPCLAS_TRAIN_P_007047	1
HPCLAS_TRAIN_P_007077	1
HPCLAS_TRAIN_P_007083	1
HPCLAS_TRAIN_P_007089	1
HPCLAS_TRAIN_P_007090	1
HPCLAS_TRAIN_P_007091	1
HPCLAS_TRAIN_P_007098	1
HPCLAS_TRAIN_P_007100	1
HPCLAS_TRAIN_P_007105	1
HPCLAS_TRAIN_P_007111	1
HPCLAS_TRAIN_P_007113	1
HPCLAS_TRAIN_P_007125	1
HPCLAS_TRAIN_P_007133	1
HPCLAS_TRAIN_P_007154	1
HPCLAS_TRAIN_P_007157	1
HPCLAS_TRAIN_P_007161	1
HPCLAS_TRAIN_P_007165	1
HPCLAS_TRAIN_P_007169	1
HPCLAS_TRAIN_P_007190	1
HPCLAS_TRAIN_P_007192	1
HPCLAS_TRAIN_P_007197	1
HPCLAS_TRAIN_P_007203	1
HPCLAS_TRAIN_P_007205	1
HPCLAS_TRAIN_P_007206	1
HPCLAS_TRAIN_P_007209	1
HPCLAS_TRAIN_P_007211	1
HPCLAS_TRAIN_P_007220	1
HPCLAS_TRAIN_P_007221	1
HPCLAS_TRAIN_P_007228	1
HPCLAS_TRAIN_P_007236	1
HPCLAS_TRAIN_P_007238	1
HPCLAS_TRAIN_P_007249	1
HPCLAS_TRAIN_P_007275	1
HPCLAS_TRAIN_P_007280	1
HPCLAS_TRAIN_P_007281	1
HPCLAS_TRAIN_P_007284	1
HPCLAS_TRAIN_P_007285	1
HPCLAS_TRAIN_P_007289	1
HPCLAS_TRAIN_P_007303	1
HPCLAS_TRAIN_P_007316	1
HPCLAS_TRAIN_P_007318	1
HPCLAS_TRAIN_P_007335	1
HPCLAS_TRAIN_P_007342	1
HPCLAS_TRAIN_P_007343	1
HPCLAS_TRAIN_P_007345	1
HPCLAS_TRAIN_P_007347	1
HPCLAS_TRAIN_P_007350	1
HPCLAS_TRAIN_P_007353	1
HPCLAS_TRAIN_P_007357	1
HPCLAS_TRAIN_P_007359	1
HPCLAS_TRAIN_P_007365	1
HPCLAS_TRAIN_P_007366	1
HPCLAS_TRAIN_P_007393	1
HPCLAS_TRAIN_P_007401	1
HPCLAS_TRAIN_P_007404	1
HPCLAS_TRAIN_P_007411	1
HPCLAS_TRAIN_P_007416	1
HPCLAS_TRAIN_P_007425	1
HPCLAS_TRAIN_P_007430	1
HPCLAS_TRAIN_P_007433	1
HPCLAS_TRAIN_P_007435	1
HPCLAS_TRAIN_P_007438	1
HPCLAS_TRAIN_P_007447	1
HPCLAS_TRAIN_P_007450	1
HPCLAS_TRAIN_P_007456	1
